{
    "prc": [
        {
            "precision": 0.3548387096774194,
            "recall": 1.0,
            "threshold": 0
        },
        {
            "precision": 0.6296296296296297,
            "recall": 0.5151515151515151,
            "threshold": 1
        }
    ]
}