{
    "prc": [
        {
            "precision": 0.36796536796536794,
            "recall": 1.0,
            "threshold": 0
        },
        {
            "precision": 0.65,
            "recall": 0.4588235294117647,
            "threshold": 1
        }
    ]
}