{
    "Train Score": 74.89177489177489,
    "Test Score": 70.995670995671,
    "ROC_AUC": 0.7349717969379533,
    "Train Size": 231,
    "Test Size": 231,
    "Solver": "liblinear",
    "Accuracy": 0.70995670995671
}