{
    "step": 0,
    "Train": 369,
    "Test": 93,
    "Train Score": 72.89972899728997,
    "Test Score": 72.04301075268818,
    "roc_auc": 0.7686868686868686,
    "Accuracy": 0.7204301075268817
}