{
    "step": 0,
    "Train": 231,
    "Test": 231,
    "Train Score": 74.89177489177489,
    "Test Score": 70.995670995671,
    "roc_auc": 0.7349717969379533,
    "Accuracy": 0.70995670995671
}